date_vach,WordCount,VachCount
1819-11-21,471,1
1819-11-22,254,1
1819-11-23,181,1
1819-11-24,247,1
1819-11-25,89,1
1819-11-25,179,1
1819-11-26,215,1
1819-11-27,166,1
1819-11-28,157,1
1819-11-29,369,1
1819-11-30,121,1
1819-12-01,1154,1
1819-12-02,420,1
1819-12-03,790,1
1819-12-04,200,1
1819-12-05,210,1
1819-12-06,253,1
1819-12-07,0,0
1819-12-08,1483,1
1819-12-09,0,0
1819-12-10,0,0
1819-12-11,0,0
1819-12-12,0,0
1819-12-13,0,0
1819-12-14,0,0
1819-12-15,0,0
1819-12-16,0,0
1819-12-17,0,0
1819-12-18,365,1
1819-12-19,398,1
1819-12-19,727,1
1819-12-20,264,1
1819-12-21,559,1
1819-12-22,831,1
1819-12-23,985,1
1819-12-24,0,0
1819-12-25,0,0
1819-12-26,0,0
1819-12-27,743,1
1819-12-28,693,1
1819-12-29,0,0
1819-12-30,239,1
1819-12-31,501,1
1820-01-01,424,1
1820-01-02,519,1
1820-01-03,875,1
1820-01-04,0,0
1820-01-05,438,1
1820-01-06,0,0
1820-01-07,0,0
1820-01-08,0,0
1820-01-09,0,0
1820-01-10,0,0
1820-01-11,568,1
1820-01-12,434,1
1820-01-13,288,1
1820-01-14,679,1
1820-01-15,0,0
1820-01-16,1141,1
1820-01-17,0,0
1820-01-18,558,1
1820-01-19,286,1
1820-01-20,546,1
1820-01-21,841,1
1820-01-22,410,1
1820-01-23,637,1
1820-01-24,363,1
1820-01-25,809,1
1820-01-26,0,0
1820-01-27,763,1
1820-01-28,283,1
1820-01-29,318,1
1820-01-30,0,0
1820-01-31,300,1
1820-02-01,695,1
1820-02-02,548,1
1820-02-03,0,0
1820-02-04,0,0
1820-02-05,0,0
1820-02-06,0,0
1820-02-07,0,0
1820-02-08,265,1
1820-02-09,0,0
1820-02-10,256,1
1820-02-10,276,1
1820-02-11,1216,1
1820-02-12,0,0
1820-02-13,0,0
1820-02-14,0,0
1820-02-15,368,1
1820-02-16,0,0
1820-02-17,0,0
1820-02-18,499,1
1820-02-19,0,0
1820-02-20,0,0
1820-02-21,0,0
1820-02-22,0,0
1820-02-23,0,0
1820-02-24,0,0
1820-02-25,0,0
1820-02-26,0,0
1820-02-27,483,1
1820-02-28,0,0
1820-02-29,0,0
1820-03-01,495,1
1820-03-02,0,0
1820-03-03,601,1
1820-03-04,622,1
1820-03-05,0,0
1820-03-06,0,0
1820-03-07,1524,1
1820-03-08,0,0
1820-03-09,592,1
1820-03-10,0,0
1820-03-11,0,0
1820-03-12,0,0
1820-03-13,993,1
1820-03-14,570,1
1820-03-15,0,0
1820-03-16,0,0
1820-03-17,0,0
1820-03-18,0,0
1820-03-19,0,0
1820-03-20,0,0
1820-03-21,402,1
1820-03-22,0,0
1820-03-23,541,1
1820-03-24,0,0
1820-03-25,0,0
1820-03-26,351,1
1820-03-27,0,0
1820-03-28,0,0
1820-03-29,1432,1
1820-03-30,0,0
1820-03-31,0,0
1820-04-01,0,0
1820-04-02,959,1
1820-04-03,0,0
1820-04-04,0,0
1820-04-05,0,0
1820-04-06,0,0
1820-04-07,0,0
1820-04-08,0,0
1820-04-09,1351,1
1820-04-10,0,0
1820-04-11,0,0
1820-04-12,2031,1
1820-04-13,0,0
1820-04-14,0,0
1820-04-15,0,0
1820-04-16,0,0
1820-04-17,0,0
1820-04-18,0,0
1820-04-19,0,0
1820-04-20,0,0
1820-04-21,0,0
1820-04-22,0,0
1820-04-23,0,0
1820-04-24,296,1
1820-04-25,0,0
1820-04-26,0,0
1820-04-27,0,0
1820-04-28,0,0
1820-04-29,0,0
1820-04-30,0,0
1820-05-01,0,0
1820-05-02,0,0
1820-05-03,0,0
1820-05-04,0,0
1820-05-05,0,0
1820-05-06,0,0
1820-05-07,0,0
1820-05-08,356,1
1820-05-09,0,0
1820-05-10,0,0
1820-05-11,0,0
1820-05-12,0,0
1820-05-13,0,0
1820-05-14,0,0
1820-05-15,0,0
1820-05-16,0,0
1820-05-17,0,0
1820-05-18,0,0
1820-05-19,0,0
1820-05-20,0,0
1820-05-21,0,0
1820-05-22,0,0
1820-05-23,179,1
1820-05-24,0,0
1820-05-25,0,0
1820-05-26,0,0
1820-05-27,0,0
1820-05-28,0,0
1820-05-29,0,0
1820-05-30,0,0
1820-05-31,0,0
1820-06-01,0,0
1820-06-02,0,0
1820-06-03,0,0
1820-06-04,0,0
1820-06-05,0,0
1820-06-06,0,0
1820-06-07,0,0
1820-06-08,0,0
1820-06-09,0,0
1820-06-10,0,0
1820-06-11,0,0
1820-06-12,0,0
1820-06-13,0,0
1820-06-14,0,0
1820-06-15,0,0
1820-06-16,0,0
1820-06-17,0,0
1820-06-18,0,0
1820-06-19,0,0
1820-06-20,0,0
1820-06-21,0,0
1820-06-22,0,0
1820-06-23,0,0
1820-06-24,0,0
1820-06-25,0,0
1820-06-26,0,0
1820-06-27,0,0
1820-06-28,0,0
1820-06-29,0,0
1820-06-30,0,0
1820-07-01,0,0
1820-07-02,0,0
1820-07-03,0,0
1820-07-04,0,0
1820-07-05,0,0
1820-07-06,0,0
1820-07-07,0,0
1820-07-08,0,0
1820-07-09,0,0
1820-07-10,668,1
1820-07-11,0,0
1820-07-12,0,0
1820-07-13,2771,1
1820-07-14,0,0
1820-07-15,0,0
1820-07-16,0,0
1820-07-17,0,0
1820-07-18,0,0
1820-07-19,0,0
1820-07-20,0,0
1820-07-21,0,0
1820-07-22,0,0
1820-07-23,0,0
1820-07-24,0,0
1820-07-25,0,0
1820-07-26,0,0
1820-07-27,0,0
1820-07-28,0,0
1820-07-29,0,0
1820-07-30,0,0
1820-07-31,0,0
1820-08-01,0,0
1820-08-02,0,0
1820-08-03,0,0
1820-08-04,0,0
1820-08-05,0,0
1820-08-06,0,0
1820-08-07,0,0
1820-08-08,0,0
1820-08-09,0,0
1820-08-10,0,0
1820-08-11,0,0
1820-08-12,0,0
1820-08-13,0,0
1820-08-14,0,0
1820-08-15,0,0
1820-08-16,0,0
1820-08-17,0,0
1820-08-18,0,0
1820-08-19,0,0
1820-08-20,0,0
1820-08-21,0,0
1820-08-22,0,0
1820-08-23,0,0
1820-08-24,0,0
1820-08-25,0,0
1820-08-26,0,0
1820-08-27,0,0
1820-08-28,527,1
1820-08-29,1541,1
1820-08-30,662,1
1820-08-31,468,1
1820-09-01,733,1
1820-09-02,867,1
1820-09-03,329,1
1820-09-04,121,1
1820-09-05,534,1
1820-09-06,531,1
1820-09-07,582,1
1820-09-08,675,1
1820-09-09,374,1
1820-09-10,1415,1
1820-09-11,913,1
1820-09-12,282,1
1820-09-13,571,1
1820-09-14,0,0
1820-09-15,906,1
1820-09-16,0,0
1820-09-17,0,0
1820-09-18,0,0
1820-09-19,1676,1
1820-09-20,0,0
1820-09-21,0,0
1820-09-22,0,0
1820-09-23,0,0
1820-09-24,0,0
1820-09-25,0,0
1820-09-26,0,0
1820-09-27,0,0
1820-09-28,0,0
1820-09-29,0,0
1820-09-30,0,0
1820-10-01,0,0
1820-10-02,0,0
1820-10-03,0,0
1820-10-04,0,0
1820-10-05,0,0
1820-10-06,0,0
1820-10-07,0,0
1820-10-08,0,0
1820-10-09,580,1
1820-10-10,0,0
1820-10-11,0,0
1820-10-12,0,0
1820-10-13,0,0
1820-10-14,0,0
1820-10-15,0,0
1820-10-16,0,0
1820-10-17,0,0
1820-10-18,0,0
1820-10-19,0,0
1820-10-20,0,0
1820-10-21,0,0
1820-10-22,0,0
1820-10-23,0,0
1820-10-24,0,0
1820-10-25,0,0
1820-10-26,0,0
1820-10-27,0,0
1820-10-28,896,1
1820-10-29,218,1
1820-10-30,0,0
1820-10-31,0,0
1820-11-01,0,0
1820-11-02,0,0
1820-11-03,0,0
1820-11-04,372,1
1820-11-05,718,1
1820-11-06,756,1
1820-11-07,0,0
1820-11-08,0,0
1820-11-09,808,1
1820-11-10,395,1
1820-11-11,0,0
1820-11-12,0,0
1820-11-13,0,0
1820-11-14,0,0
1820-11-15,899,1
1820-11-16,614,1
1820-11-17,0,0
1820-11-18,0,0
1820-11-19,0,0
1820-11-20,600,1
1820-11-21,0,0
1820-11-22,0,0
1820-11-23,0,0
1820-11-24,0,0
1820-11-25,0,0
1820-11-26,0,0
1820-11-27,0,0
1820-11-28,0,0
1820-11-29,0,0
1820-11-30,1588,1
1820-12-01,885,1
1820-12-02,0,0
1820-12-03,561,1
1820-12-04,828,1
1820-12-05,819,1
1820-12-06,1879,1
1820-12-07,0,0
1820-12-08,1351,1
1820-12-09,0,0
1820-12-10,1467,1
1820-12-11,286,1
1820-12-12,0,0
1820-12-13,1960,1
1820-12-14,0,0
1820-12-15,0,0
1820-12-16,0,0
1820-12-17,0,0
1820-12-18,0,0
1820-12-19,0,0
1820-12-20,0,0
1820-12-21,0,0
1820-12-22,0,0
1820-12-23,0,0
1820-12-24,0,0
1820-12-25,0,0
1820-12-26,0,0
1820-12-27,0,0
1820-12-28,562,1
1820-12-29,555,1
1820-12-30,921,1
1820-12-31,967,1
1821-01-01,0,0
1821-01-02,1298,1
1821-01-03,864,1
1821-01-04,1215,1
1821-01-05,1525,1
1821-01-06,0,0
1821-01-07,0,0
1821-01-08,0,0
1821-01-09,0,0
1821-01-10,0,0
1821-01-11,0,0
1821-01-12,0,0
1821-01-13,0,0
1821-01-14,0,0
1821-01-15,0,0
1821-01-16,0,0
1821-01-17,0,0
1821-01-18,0,0
1821-01-19,0,0
1821-01-20,0,0
1821-01-21,0,0
1821-01-22,0,0
1821-01-23,0,0
1821-01-24,0,0
1821-01-25,0,0
1821-01-26,0,0
1821-01-27,0,0
1821-01-28,0,0
1821-01-29,0,0
1821-01-30,0,0
1821-01-31,0,0
1821-02-01,0,0
1821-02-02,0,0
1821-02-03,0,0
1821-02-04,0,0
1821-02-05,0,0
1821-02-06,0,0
1821-02-07,0,0
1821-02-08,0,0
1821-02-09,0,0
1821-02-10,0,0
1821-02-11,0,0
1821-02-12,0,0
1821-02-13,0,0
1821-02-14,0,0
1821-02-15,0,0
1821-02-16,0,0
1821-02-17,0,0
1821-02-18,0,0
1821-02-19,0,0
1821-02-20,0,0
1821-02-21,0,0
1821-02-22,0,0
1821-02-23,0,0
1821-02-24,0,0
1821-02-25,0,0
1821-02-26,0,0
1821-02-27,0,0
1821-02-28,0,0
1821-03-01,0,0
1821-03-02,0,0
1821-03-03,0,0
1821-03-04,0,0
1821-03-05,0,0
1821-03-06,0,0
1821-03-07,1131,1
1821-03-08,0,0
1821-03-09,0,0
1821-03-10,1524,1
1821-03-11,1586,1
1821-03-12,0,0
1821-03-13,0,0
1821-03-14,0,0
1821-03-15,0,0
1821-03-16,0,0
1821-03-17,0,0
1821-03-18,0,0
1821-03-19,0,0
1821-03-20,0,0
1821-03-21,2276,1
1821-03-22,0,0
1821-03-23,0,0
1821-03-24,0,0
1821-03-25,0,0
1821-03-26,0,0
1821-03-27,155,1
1821-03-28,399,1
1821-03-29,1271,1
1821-03-30,0,0
1821-03-31,0,0
1821-04-01,0,0
1821-04-02,0,0
1821-04-03,0,0
1821-04-04,0,0
1821-04-05,0,0
1821-04-06,0,0
1821-04-07,0,0
1821-04-08,0,0
1821-04-09,0,0
1821-04-10,0,0
1821-04-11,0,0
1821-04-12,0,0
1821-04-13,0,0
1821-04-14,0,0
1821-04-15,0,0
1821-04-16,0,0
1821-04-17,0,0
1821-04-18,0,0
1821-04-19,0,0
1821-04-20,0,0
1821-04-21,0,0
1821-04-22,0,0
1821-04-23,0,0
1821-04-24,0,0
1821-04-25,0,0
1821-04-26,0,0
1821-04-27,0,0
1821-04-28,0,0
1821-04-29,0,0
1821-04-30,0,0
1821-05-01,0,0
1821-05-02,0,0
1821-05-03,0,0
1821-05-04,0,0
1821-05-05,0,0
1821-05-06,0,0
1821-05-07,0,0
1821-05-08,0,0
1821-05-09,0,0
1821-05-10,0,0
1821-05-11,0,0
1821-05-12,0,0
1821-05-13,0,0
1821-05-14,0,0
1821-05-15,0,0
1821-05-16,0,0
1821-05-17,0,0
1821-05-18,0,0
1821-05-19,0,0
1821-05-20,0,0
1821-05-21,0,0
1821-05-22,0,0
1821-05-23,0,0
1821-05-24,0,0
1821-05-25,0,0
1821-05-26,0,0
1821-05-27,0,0
1821-05-28,0,0
1821-05-29,0,0
1821-05-30,0,0
1821-05-31,0,0
1821-06-01,0,0
1821-06-02,0,0
1821-06-03,0,0
1821-06-04,0,0
1821-06-05,0,0
1821-06-06,0,0
1821-06-07,0,0
1821-06-08,0,0
1821-06-09,0,0
1821-06-10,0,0
1821-06-11,0,0
1821-06-12,0,0
1821-06-13,0,0
1821-06-14,0,0
1821-06-15,1308,1
1821-06-16,0,0
1821-06-17,0,0
1821-06-18,0,0
1821-06-19,0,0
1821-06-20,0,0
1821-06-21,0,0
1821-06-22,0,0
1821-06-23,0,0
1821-06-24,0,0
1821-06-25,0,0
1821-06-26,0,0
1821-06-27,0,0
1821-06-28,0,0
1821-06-29,0,0
1821-06-30,0,0
1821-07-01,0,0
1821-07-02,0,0
1821-07-03,0,0
1821-07-04,0,0
1821-07-05,0,0
1821-07-06,0,0
1821-07-07,0,0
1821-07-08,0,0
1821-07-09,0,0
1821-07-10,0,0
1821-07-11,0,0
1821-07-12,0,0
1821-07-13,0,0
1821-07-14,0,0
1821-07-15,0,0
1821-07-16,0,0
1821-07-17,0,0
1821-07-18,0,0
1821-07-19,0,0
1821-07-20,0,0
1821-07-21,0,0
1821-07-22,0,0
1821-07-23,0,0
1821-07-24,0,0
1821-07-25,0,0
1821-07-26,0,0
1821-07-27,0,0
1821-07-28,0,0
1821-07-29,0,0
1821-07-30,0,0
1821-07-31,0,0
1821-08-01,565,1
1821-08-02,797,1
1821-08-03,783,1
1821-08-04,0,0
1821-08-05,250,1
1821-08-06,767,1
1821-08-07,0,0
1821-08-08,0,0
1821-08-09,216,1
1821-08-10,1238,1
1821-08-11,0,0
1821-08-12,867,1
1821-08-13,0,0
1821-08-14,0,0
1821-08-15,0,0
1821-08-16,1630,1
1821-08-17,0,0
1821-08-18,468,1
1821-08-19,674,1
1821-08-20,0,0
1821-08-21,0,0
1821-08-22,0,0
1821-08-23,0,0
1821-08-24,0,0
1821-08-25,0,0
1821-08-26,0,0
1821-08-27,1819,1
1821-08-28,421,1
1821-08-29,425,1
1821-08-30,0,0
1821-08-31,0,0
1821-09-01,0,0
1821-09-02,0,0
1821-09-03,0,0
1821-09-04,0,0
1821-09-05,0,0
1821-09-06,0,0
1821-09-07,1202,1
1821-09-08,0,0
1821-09-09,0,0
1821-09-10,0,0
1821-09-11,0,0
1821-09-12,0,0
1821-09-13,0,0
1821-09-14,0,0
1821-09-15,0,0
1821-09-16,0,0
1821-09-17,0,0
1821-09-18,0,0
1821-09-19,0,0
1821-09-20,0,0
1821-09-21,0,0
1821-09-22,0,0
1821-09-23,0,0
1821-09-24,0,0
1821-09-25,0,0
1821-09-26,0,0
1821-09-27,0,0
1821-09-28,0,0
1821-09-29,0,0
1821-09-30,0,0
1821-10-01,0,0
1821-10-02,0,0
1821-10-03,0,0
1821-10-04,0,0
1821-10-05,0,0
1821-10-06,0,0
1821-10-07,0,0
1821-10-08,0,0
1821-10-09,0,0
1821-10-10,0,0
1821-10-11,0,0
1821-10-12,0,0
1821-10-13,0,0
1821-10-14,0,0
1821-10-15,0,0
1821-10-16,0,0
1821-10-17,0,0
1821-10-18,0,0
1821-10-19,0,0
1821-10-20,0,0
1821-10-21,896,1
1821-10-22,0,0
1821-10-23,0,0
1821-10-24,0,0
1821-10-25,0,0
1821-10-26,0,0
1821-10-27,0,0
1821-10-28,0,0
1821-10-29,0,0
1821-10-30,0,0
1821-10-31,0,0
1821-11-01,0,0
1821-11-02,0,0
1821-11-03,0,0
1821-11-04,0,0
1821-11-05,0,0
1821-11-06,0,0
1821-11-07,0,0
1821-11-08,0,0
1821-11-09,0,0
1821-11-10,0,0
1821-11-11,0,0
1821-11-12,0,0
1821-11-13,0,0
1821-11-14,0,0
1821-11-15,0,0
1821-11-16,0,0
1821-11-17,0,0
1821-11-18,0,0
1821-11-19,0,0
1821-11-20,0,0
1821-11-21,0,0
1821-11-22,0,0
1821-11-23,0,0
1821-11-24,0,0
1821-11-25,0,0
1821-11-26,0,0
1821-11-27,0,0
1821-11-28,0,0
1821-11-29,0,0
1821-11-30,0,0
1821-12-01,0,0
1821-12-02,0,0
1821-12-03,0,0
1821-12-04,0,0
1821-12-05,0,0
1821-12-06,0,0
1821-12-07,0,0
1821-12-08,0,0
1821-12-09,0,0
1821-12-10,0,0
1821-12-11,0,0
1821-12-12,0,0
1821-12-13,0,0
1821-12-14,772,1
1821-12-15,0,0
1821-12-16,0,0
1821-12-17,0,0
1821-12-18,0,0
1821-12-19,0,0
1821-12-20,0,0
1821-12-21,0,0
1821-12-22,0,0
1821-12-23,626,1
1821-12-24,0,0
1821-12-25,0,0
1821-12-26,0,0
1821-12-27,0,0
1821-12-28,0,0
1821-12-29,0,0
1821-12-30,0,0
1821-12-31,0,0
1822-01-01,0,0
1822-01-02,0,0
1822-01-03,0,0
1822-01-04,0,0
1822-01-05,0,0
1822-01-06,0,0
1822-01-07,0,0
1822-01-08,0,0
1822-01-09,0,0
1822-01-10,0,0
1822-01-11,0,0
1822-01-12,0,0
1822-01-13,0,0
1822-01-14,0,0
1822-01-15,0,0
1822-01-16,0,0
1822-01-17,0,0
1822-01-18,0,0
1822-01-19,0,0
1822-01-20,0,0
1822-01-21,0,0
1822-01-22,658,1
1822-01-23,0,0
1822-01-24,0,0
1822-01-25,0,0
1822-01-26,0,0
1822-01-27,0,0
1822-01-28,0,0
1822-01-29,0,0
1822-01-30,0,0
1822-01-31,0,0
1822-02-01,0,0
1822-02-02,0,0
1822-02-03,0,0
1822-02-04,0,0
1822-02-05,0,0
1822-02-06,0,0
1822-02-07,0,0
1822-02-08,0,0
1822-02-09,0,0
1822-02-10,0,0
1822-02-11,0,0
1822-02-12,0,0
1822-02-13,0,0
1822-02-14,0,0
1822-02-15,0,0
1822-02-16,0,0
1822-02-17,0,0
1822-02-18,0,0
1822-02-19,0,0
1822-02-20,0,0
1822-02-21,0,0
1822-02-22,0,0
1822-02-23,0,0
1822-02-24,0,0
1822-02-25,0,0
1822-02-26,0,0
1822-02-27,0,0
1822-02-28,0,0
1822-03-01,0,0
1822-03-02,0,0
1822-03-03,0,0
1822-03-04,0,0
1822-03-05,0,0
1822-03-06,0,0
1822-03-07,835,1
1822-03-08,0,0
1822-03-09,0,0
1822-03-10,0,0
1822-03-11,0,0
1822-03-12,0,0
1822-03-13,0,0
1822-03-14,0,0
1822-03-15,0,0
1822-03-16,0,0
1822-03-17,0,0
1822-03-18,0,0
1822-03-19,968,1
1822-03-20,0,0
1822-03-21,0,0
1822-03-22,0,0
1822-03-23,0,0
1822-03-24,0,0
1822-03-25,0,0
1822-03-26,0,0
1822-03-27,0,0
1822-03-28,0,0
1822-03-29,0,0
1822-03-30,0,0
1822-03-31,0,0
1822-04-01,0,0
1822-04-02,0,0
1822-04-03,0,0
1822-04-04,0,0
1822-04-05,0,0
1822-04-06,0,0
1822-04-07,0,0
1822-04-08,0,0
1822-04-09,0,0
1822-04-10,0,0
1822-04-11,0,0
1822-04-12,0,0
1822-04-13,0,0
1822-04-14,0,0
1822-04-15,0,0
1822-04-16,0,0
1822-04-17,0,0
1822-04-18,0,0
1822-04-19,0,0
1822-04-20,0,0
1822-04-21,0,0
1822-04-22,0,0
1822-04-23,0,0
1822-04-24,0,0
1822-04-25,0,0
1822-04-26,0,0
1822-04-27,0,0
1822-04-28,0,0
1822-04-29,0,0
1822-04-30,0,0
1822-05-01,0,0
1822-05-02,0,0
1822-05-03,0,0
1822-05-04,0,0
1822-05-05,0,0
1822-05-06,0,0
1822-05-07,0,0
1822-05-08,0,0
1822-05-09,0,0
1822-05-10,0,0
1822-05-11,0,0
1822-05-12,0,0
1822-05-13,0,0
1822-05-14,0,0
1822-05-15,0,0
1822-05-16,0,0
1822-05-17,0,0
1822-05-18,0,0
1822-05-19,0,0
1822-05-20,0,0
1822-05-21,0,0
1822-05-22,0,0
1822-05-23,0,0
1822-05-24,0,0
1822-05-25,0,0
1822-05-26,0,0
1822-05-27,0,0
1822-05-28,0,0
1822-05-29,0,0
1822-05-30,0,0
1822-05-31,334,1
1822-06-01,0,0
1822-06-02,0,0
1822-06-03,0,0
1822-06-04,0,0
1822-06-05,0,0
1822-06-06,0,0
1822-06-07,0,0
1822-06-08,0,0
1822-06-09,0,0
1822-06-10,0,0
1822-06-11,0,0
1822-06-12,0,0
1822-06-13,0,0
1822-06-14,0,0
1822-06-15,0,0
1822-06-16,0,0
1822-06-17,0,0
1822-06-18,0,0
1822-06-19,0,0
1822-06-20,0,0
1822-06-21,0,0
1822-06-22,0,0
1822-06-23,0,0
1822-06-24,0,0
1822-06-25,0,0
1822-06-26,0,0
1822-06-27,0,0
1822-06-28,0,0
1822-06-29,0,0
1822-06-30,0,0
1822-07-01,0,0
1822-07-02,0,0
1822-07-03,0,0
1822-07-04,0,0
1822-07-05,0,0
1822-07-06,0,0
1822-07-07,0,0
1822-07-08,0,0
1822-07-09,0,0
1822-07-10,0,0
1822-07-11,0,0
1822-07-12,0,0
1822-07-13,0,0
1822-07-14,0,0
1822-07-15,0,0
1822-07-16,0,0
1822-07-17,0,0
1822-07-18,0,0
1822-07-19,0,0
1822-07-20,0,0
1822-07-21,0,0
1822-07-22,0,0
1822-07-23,0,0
1822-07-24,0,0
1822-07-25,0,0
1822-07-26,340,1
1822-07-27,0,0
1822-07-28,0,0
1822-07-29,0,0
1822-07-30,0,0
1822-07-31,0,0
1822-08-01,0,0
1822-08-02,0,0
1822-08-03,0,0
1822-08-04,0,0
1822-08-05,0,0
1822-08-06,0,0
1822-08-07,0,0
1822-08-08,472,1
1822-08-09,0,0
1822-08-10,0,0
1822-08-11,0,0
1822-08-12,0,0
1822-08-13,0,0
1822-08-14,0,0
1822-08-15,0,0
1822-08-16,0,0
1822-08-17,0,0
1822-08-18,0,0
1822-08-19,0,0
1822-08-20,0,0
1822-08-21,0,0
1822-08-22,0,0
1822-08-23,0,0
1822-08-24,0,0
1822-08-25,0,0
1822-08-26,0,0
1822-08-27,0,0
1822-08-28,471,1
1822-08-29,0,0
1822-08-30,0,0
1822-08-31,0,0
1822-09-01,0,0
1822-09-02,0,0
1822-09-03,0,0
1822-09-04,0,0
1822-09-05,0,0
1822-09-06,0,0
1822-09-07,0,0
1822-09-08,0,0
1822-09-09,0,0
1822-09-10,0,0
1822-09-11,0,0
1822-09-12,0,0
1822-09-13,0,0
1822-09-14,0,0
1822-09-15,0,0
1822-09-16,0,0
1822-09-17,0,0
1822-09-18,0,0
1822-09-19,0,0
1822-09-20,0,0
1822-09-21,0,0
1822-09-22,0,0
1822-09-23,0,0
1822-09-24,0,0
1822-09-25,0,0
1822-09-26,0,0
1822-09-27,0,0
1822-09-28,0,0
1822-09-29,0,0
1822-09-30,0,0
1822-10-01,0,0
1822-10-02,0,0
1822-10-03,0,0
1822-10-04,0,0
1822-10-05,0,0
1822-10-06,0,0
1822-10-07,0,0
1822-10-08,0,0
1822-10-09,0,0
1822-10-10,0,0
1822-10-11,0,0
1822-10-12,0,0
1822-10-13,0,0
1822-10-14,0,0
1822-10-15,0,0
1822-10-16,0,0
1822-10-17,0,0
1822-10-18,0,0
1822-10-19,0,0
1822-10-20,0,0
1822-10-21,0,0
1822-10-22,0,0
1822-10-23,0,0
1822-10-24,0,0
1822-10-25,0,0
1822-10-26,0,0
1822-10-27,0,0
1822-10-28,0,0
1822-10-29,0,0
1822-10-30,0,0
1822-10-31,0,0
1822-11-01,0,0
1822-11-02,0,0
1822-11-03,0,0
1822-11-04,0,0
1822-11-05,0,0
1822-11-06,0,0
1822-11-07,0,0
1822-11-08,0,0
1822-11-09,0,0
1822-11-10,0,0
1822-11-11,0,0
1822-11-12,0,0
1822-11-13,0,0
1822-11-14,0,0
1822-11-15,0,0
1822-11-16,0,0
1822-11-17,0,0
1822-11-18,0,0
1822-11-19,0,0
1822-11-20,0,0
1822-11-21,0,0
1822-11-22,0,0
1822-11-23,0,0
1822-11-24,0,0
1822-11-25,764,1
1822-11-26,0,0
1822-11-27,0,0
1822-11-28,0,0
1822-11-29,0,0
1822-11-30,0,0
1822-12-01,0,0
1822-12-02,0,0
1822-12-03,0,0
1822-12-04,0,0
1822-12-05,0,0
1822-12-06,0,0
1822-12-07,0,0
1822-12-08,0,0
1822-12-09,0,0
1822-12-10,0,0
1822-12-11,0,0
1822-12-12,0,0
1822-12-13,0,0
1822-12-14,0,0
1822-12-15,0,0
1822-12-16,0,0
1822-12-17,0,0
1822-12-18,0,0
1822-12-19,0,0
1822-12-20,0,0
1822-12-21,0,0
1822-12-22,0,0
1822-12-23,0,0
1822-12-24,0,0
1822-12-25,0,0
1822-12-26,0,0
1822-12-27,0,0
1822-12-28,0,0
1822-12-29,0,0
1822-12-30,0,0
1822-12-31,0,0
1823-01-01,0,0
1823-01-02,0,0
1823-01-03,0,0
1823-01-04,0,0
1823-01-05,0,0
1823-01-06,0,0
1823-01-07,0,0
1823-01-08,0,0
1823-01-09,0,0
1823-01-10,0,0
1823-01-11,0,0
1823-01-12,0,0
1823-01-13,0,0
1823-01-14,0,0
1823-01-15,0,0
1823-01-16,0,0
1823-01-17,0,0
1823-01-18,0,0
1823-01-19,0,0
1823-01-20,0,0
1823-01-21,0,0
1823-01-22,0,0
1823-01-23,0,0
1823-01-24,0,0
1823-01-25,0,0
1823-01-26,0,0
1823-01-27,0,0
1823-01-28,0,0
1823-01-29,0,0
1823-01-30,0,0
1823-01-31,0,0
1823-02-01,0,0
1823-02-02,0,0
1823-02-03,0,0
1823-02-04,0,0
1823-02-05,0,0
1823-02-06,0,0
1823-02-07,0,0
1823-02-08,0,0
1823-02-09,0,0
1823-02-10,0,0
1823-02-11,0,0
1823-02-12,0,0
1823-02-13,745,1
1823-02-14,0,0
1823-02-15,0,0
1823-02-16,0,0
1823-02-17,0,0
1823-02-18,239,1
1823-02-19,0,0
1823-02-20,0,0
1823-02-21,0,0
1823-02-22,0,0
1823-02-23,0,0
1823-02-24,0,0
1823-02-25,0,0
1823-02-26,0,0
1823-02-27,0,0
1823-02-28,0,0
1823-03-01,0,0
1823-03-02,0,0
1823-03-03,0,0
1823-03-04,0,0
1823-03-05,0,0
1823-03-06,0,0
1823-03-07,0,0
1823-03-08,0,0
1823-03-09,0,0
1823-03-10,0,0
1823-03-11,0,0
1823-03-12,0,0
1823-03-13,0,0
1823-03-14,0,0
1823-03-15,0,0
1823-03-16,0,0
1823-03-17,0,0
1823-03-18,0,0
1823-03-19,0,0
1823-03-20,0,0
1823-03-21,0,0
1823-03-22,0,0
1823-03-23,0,0
1823-03-24,0,0
1823-03-25,0,0
1823-03-26,0,0
1823-03-27,0,0
1823-03-28,0,0
1823-03-29,0,0
1823-03-30,0,0
1823-03-31,0,0
1823-04-01,0,0
1823-04-02,0,0
1823-04-03,0,0
1823-04-04,0,0
1823-04-05,0,0
1823-04-06,0,0
1823-04-07,0,0
1823-04-08,0,0
1823-04-09,0,0
1823-04-10,0,0
1823-04-11,0,0
1823-04-12,0,0
1823-04-13,0,0
1823-04-14,0,0
1823-04-15,0,0
1823-04-16,0,0
1823-04-17,0,0
1823-04-18,0,0
1823-04-19,246,1
1823-04-20,0,0
1823-04-21,0,0
1823-04-22,0,0
1823-04-23,0,0
1823-04-24,0,0
1823-04-25,0,0
1823-04-26,0,0
1823-04-27,0,0
1823-04-28,0,0
1823-04-29,0,0
1823-04-30,0,0
1823-05-01,0,0
1823-05-02,0,0
1823-05-03,0,0
1823-05-04,0,0
1823-05-05,0,0
1823-05-06,0,0
1823-05-07,0,0
1823-05-08,0,0
1823-05-09,0,0
1823-05-10,0,0
1823-05-11,0,0
1823-05-12,0,0
1823-05-13,0,0
1823-05-14,0,0
1823-05-15,0,0
1823-05-16,0,0
1823-05-17,0,0
1823-05-18,0,0
1823-05-19,0,0
1823-05-20,0,0
1823-05-21,0,0
1823-05-22,0,0
1823-05-23,0,0
1823-05-24,0,0
1823-05-25,0,0
1823-05-26,0,0
1823-05-27,0,0
1823-05-28,0,0
1823-05-29,0,0
1823-05-30,0,0
1823-05-31,0,0
1823-06-01,0,0
1823-06-02,0,0
1823-06-03,0,0
1823-06-04,0,0
1823-06-05,0,0
1823-06-06,0,0
1823-06-07,0,0
1823-06-08,0,0
1823-06-09,0,0
1823-06-10,0,0
1823-06-11,0,0
1823-06-12,0,0
1823-06-13,0,0
1823-06-14,0,0
1823-06-15,0,0
1823-06-16,0,0
1823-06-17,0,0
1823-06-18,0,0
1823-06-19,0,0
1823-06-20,0,0
1823-06-21,0,0
1823-06-22,0,0
1823-06-23,0,0
1823-06-24,0,0
1823-06-25,0,0
1823-06-26,0,0
1823-06-27,0,0
1823-06-28,0,0
1823-06-29,0,0
1823-06-30,0,0
1823-07-01,0,0
1823-07-02,0,0
1823-07-03,0,0
1823-07-04,0,0
1823-07-05,0,0
1823-07-06,0,0
1823-07-07,0,0
1823-07-08,0,0
1823-07-09,0,0
1823-07-10,0,0
1823-07-11,0,0
1823-07-12,0,0
1823-07-13,0,0
1823-07-14,0,0
1823-07-15,0,0
1823-07-16,0,0
1823-07-17,0,0
1823-07-18,0,0
1823-07-19,0,0
1823-07-20,0,0
1823-07-21,0,0
1823-07-22,0,0
1823-07-23,0,0
1823-07-24,0,0
1823-07-25,0,0
1823-07-26,0,0
1823-07-27,0,0
1823-07-28,0,0
1823-07-29,0,0
1823-07-30,0,0
1823-07-31,0,0
1823-08-01,0,0
1823-08-02,0,0
1823-08-03,0,0
1823-08-04,0,0
1823-08-05,0,0
1823-08-06,0,0
1823-08-07,0,0
1823-08-08,0,0
1823-08-09,0,0
1823-08-10,1015,1
1823-08-11,439,1
1823-08-12,0,0
1823-08-13,0,0
1823-08-14,0,0
1823-08-15,0,0
1823-08-16,0,0
1823-08-17,0,0
1823-08-18,0,0
1823-08-19,0,0
1823-08-20,0,0
1823-08-21,0,0
1823-08-22,0,0
1823-08-23,0,0
1823-08-24,0,0
1823-08-25,0,0
1823-08-26,0,0
1823-08-27,0,0
1823-08-28,0,0
1823-08-29,0,0
1823-08-30,0,0
1823-08-31,0,0
1823-09-01,0,0
1823-09-02,0,0
1823-09-03,1132,1
1823-09-04,0,0
1823-09-05,397,1
1823-09-06,0,0
1823-09-07,0,0
1823-09-08,0,0
1823-09-09,0,0
1823-09-10,0,0
1823-09-11,0,0
1823-09-12,0,0
1823-09-13,0,0
1823-09-14,0,0
1823-09-15,0,0
1823-09-16,978,1
1823-09-17,0,0
1823-09-18,0,0
1823-09-19,0,0
1823-09-20,411,1
1823-09-21,212,1
1823-09-22,0,0
1823-09-23,0,0
1823-09-24,0,0
1823-09-25,0,0
1823-09-26,377,1
1823-09-27,0,0
1823-09-28,0,0
1823-09-29,904,1
1823-09-30,0,0
1823-10-01,0,0
1823-10-02,0,0
1823-10-03,0,0
1823-10-04,0,0
1823-10-05,0,0
1823-10-06,0,0
1823-10-07,0,0
1823-10-08,0,0
1823-10-09,0,0
1823-10-10,0,0
1823-10-11,0,0
1823-10-12,0,0
1823-10-13,0,0
1823-10-14,0,0
1823-10-15,0,0
1823-10-16,0,0
1823-10-17,0,0
1823-10-18,0,0
1823-10-19,0,0
1823-10-20,0,0
1823-10-21,0,0
1823-10-22,403,1
1823-10-23,0,0
1823-10-24,0,0
1823-10-25,0,0
1823-10-26,0,0
1823-10-27,0,0
1823-10-28,0,0
1823-10-29,0,0
1823-10-30,0,0
1823-10-31,0,0
1823-11-01,0,0
1823-11-02,0,0
1823-11-03,0,0
1823-11-04,0,0
1823-11-05,0,0
1823-11-06,0,0
1823-11-07,0,0
1823-11-08,0,0
1823-11-09,0,0
1823-11-10,0,0
1823-11-11,0,0
1823-11-12,0,0
1823-11-13,0,0
1823-11-14,0,0
1823-11-15,0,0
1823-11-16,0,0
1823-11-17,0,0
1823-11-18,0,0
1823-11-19,0,0
1823-11-20,0,0
1823-11-21,0,0
1823-11-22,0,0
1823-11-23,0,0
1823-11-24,0,0
1823-11-25,0,0
1823-11-26,0,0
1823-11-27,0,0
1823-11-28,310,1
1823-11-29,0,0
1823-11-30,0,0
1823-12-01,0,0
1823-12-02,0,0
1823-12-03,0,0
1823-12-04,0,0
1823-12-05,0,0
1823-12-06,0,0
1823-12-07,0,0
1823-12-08,0,0
1823-12-09,0,0
1823-12-10,0,0
1823-12-11,0,0
1823-12-12,0,0
1823-12-13,0,0
1823-12-14,0,0
1823-12-15,0,0
1823-12-16,0,0
1823-12-17,0,0
1823-12-18,0,0
1823-12-19,0,0
1823-12-20,0,0
1823-12-21,0,0
1823-12-22,0,0
1823-12-23,0,0
1823-12-24,0,0
1823-12-25,0,0
1823-12-26,0,0
1823-12-27,0,0
1823-12-28,0,0
1823-12-29,340,1
1823-12-30,0,0
1823-12-31,0,0
1824-01-01,0,0
1824-01-02,0,0
1824-01-03,0,0
1824-01-04,0,0
1824-01-05,211,1
1824-01-06,0,0
1824-01-07,0,0
1824-01-08,0,0
1824-01-09,256,1
1824-01-10,0,0
1824-01-11,0,0
1824-01-12,0,0
1824-01-13,0,0
1824-01-14,0,0
1824-01-15,0,0
1824-01-16,0,0
1824-01-17,569,1
1824-01-18,0,0
1824-01-19,0,0
1824-01-20,0,0
1824-01-21,0,0
1824-01-22,0,0
1824-01-23,0,0
1824-01-24,0,0
1824-01-25,0,0
1824-01-26,320,1
1824-01-27,0,0
1824-01-28,0,0
1824-01-29,0,0
1824-01-30,0,0
1824-01-31,0,0
1824-02-01,0,0
1824-02-02,0,0
1824-02-03,0,0
1824-02-04,0,0
1824-02-05,0,0
1824-02-06,0,0
1824-02-07,0,0
1824-02-08,0,0
1824-02-09,0,0
1824-02-10,0,0
1824-02-11,0,0
1824-02-12,0,0
1824-02-13,0,0
1824-02-14,0,0
1824-02-15,0,0
1824-02-16,0,0
1824-02-17,0,0
1824-02-18,0,0
1824-02-19,0,0
1824-02-20,0,0
1824-02-21,0,0
1824-02-22,0,0
1824-02-23,0,0
1824-02-24,572,1
1824-02-25,0,0
1824-02-26,0,0
1824-02-27,0,0
1824-02-28,500,1
1824-02-29,0,0
1824-03-01,0,0
1824-03-02,0,0
1824-03-03,174,1
1824-03-04,0,0
1824-03-05,0,0
1824-03-06,0,0
1824-03-07,0,0
1824-03-08,0,0
1824-03-09,0,0
1824-03-10,0,0
1824-03-11,0,0
1824-03-12,0,0
1824-03-13,0,0
1824-03-14,0,0
1824-03-15,0,0
1824-03-16,0,0
1824-03-17,0,0
1824-03-18,0,0
1824-03-19,0,0
1824-03-20,0,0
1824-03-21,0,0
1824-03-22,0,0
1824-03-23,0,0
1824-03-24,0,0
1824-03-25,0,0
1824-03-26,0,0
1824-03-27,0,0
1824-03-28,0,0
1824-03-29,0,0
1824-03-30,0,0
1824-03-31,0,0
1824-04-01,0,0
1824-04-02,0,0
1824-04-03,0,0
1824-04-04,0,0
1824-04-05,0,0
1824-04-06,0,0
1824-04-07,0,0
1824-04-08,0,0
1824-04-09,0,0
1824-04-10,0,0
1824-04-11,0,0
1824-04-12,0,0
1824-04-13,0,0
1824-04-14,0,0
1824-04-15,351,1
1824-04-16,0,0
1824-04-17,0,0
1824-04-18,0,0
1824-04-19,0,0
1824-04-20,0,0
1824-04-21,0,0
1824-04-22,368,1
1824-04-23,0,0
1824-04-24,0,0
1824-04-25,366,1
1824-04-26,0,0
1824-04-27,0,0
1824-04-28,0,0
1824-04-29,0,0
1824-04-30,0,0
1824-05-01,0,0
1824-05-02,0,0
1824-05-03,296,1
1824-05-04,0,0
1824-05-05,0,0
1824-05-06,0,0
1824-05-07,0,0
1824-05-08,0,0
1824-05-09,0,0
1824-05-10,0,0
1824-05-11,0,0
1824-05-12,0,0
1824-05-13,0,0
1824-05-14,0,0
1824-05-15,0,0
1824-05-16,0,0
1824-05-17,0,0
1824-05-18,0,0
1824-05-19,0,0
1824-05-20,0,0
1824-05-21,0,0
1824-05-22,0,0
1824-05-23,0,0
1824-05-24,0,0
1824-05-25,0,0
1824-05-26,0,0
1824-05-27,0,0
1824-05-28,0,0
1824-05-29,0,0
1824-05-30,0,0
1824-05-31,0,0
1824-06-01,0,0
1824-06-02,0,0
1824-06-03,270,1
1824-06-04,0,0
1824-06-05,0,0
1824-06-06,0,0
1824-06-07,788,1
1824-06-08,0,0
1824-06-09,0,0
1824-06-10,0,0
1824-06-11,0,0
1824-06-12,0,0
1824-06-13,0,0
1824-06-14,0,0
1824-06-15,0,0
1824-06-16,0,0
1824-06-17,0,0
1824-06-18,0,0
1824-06-19,0,0
1824-06-20,0,0
1824-06-21,0,0
1824-06-22,0,0
1824-06-23,0,0
1824-06-24,0,0
1824-06-25,0,0
1824-06-26,0,0
1824-06-27,0,0
1824-06-28,0,0
1824-06-29,0,0
1824-06-30,0,0
1824-07-01,361,1
1824-07-02,813,1
1824-07-03,0,0
1824-07-04,0,0
1824-07-05,0,0
1824-07-06,0,0
1824-07-07,0,0
1824-07-08,0,0
1824-07-09,0,0
1824-07-10,0,0
1824-07-11,0,0
1824-07-12,0,0
1824-07-13,0,0
1824-07-14,0,0
1824-07-15,0,0
1824-07-16,0,0
1824-07-17,0,0
1824-07-18,0,0
1824-07-19,0,0
1824-07-20,0,0
1824-07-21,0,0
1824-07-22,0,0
1824-07-23,0,0
1824-07-24,0,0
1824-07-25,0,0
1824-07-26,0,0
1824-07-27,0,0
1824-07-28,0,0
1824-07-29,344,1
1824-07-30,0,0
1824-07-31,0,0
1824-08-01,0,0
1824-08-02,0,0
1824-08-03,0,0
1824-08-04,0,0
1824-08-05,0,0
1824-08-06,403,1
1824-08-07,0,0
1824-08-08,0,0
1824-08-09,0,0
1824-08-10,0,0
1824-08-11,0,0
1824-08-12,0,0
1824-08-13,0,0
1824-08-14,676,1
1824-08-15,0,0
1824-08-16,0,0
1824-08-17,505,1
1824-08-18,0,0
1824-08-19,0,0
1824-08-20,0,0
1824-08-21,0,0
1824-08-22,0,0
1824-08-23,0,0
1824-08-24,0,0
1824-08-25,0,0
1824-08-26,0,0
1824-08-27,0,0
1824-08-28,0,0
1824-08-29,0,0
1824-08-30,0,0
1824-08-31,0,0
1824-09-01,0,0
1824-09-02,0,0
1824-09-03,0,0
1824-09-04,0,0
1824-09-05,0,0
1824-09-06,0,0
1824-09-07,0,0
1824-09-08,0,0
1824-09-09,0,0
1824-09-10,0,0
1824-09-11,0,0
1824-09-12,0,0
1824-09-13,0,0
1824-09-14,0,0
1824-09-15,0,0
1824-09-16,0,0
1824-09-17,0,0
1824-09-18,0,0
1824-09-19,0,0
1824-09-20,0,0
1824-09-21,0,0
1824-09-22,0,0
1824-09-23,0,0
1824-09-24,0,0
1824-09-25,0,0
1824-09-26,0,0
1824-09-27,0,0
1824-09-28,0,0
1824-09-29,0,0
1824-09-30,0,0
1824-10-01,0,0
1824-10-02,0,0
1824-10-03,0,0
1824-10-04,0,0
1824-10-05,0,0
1824-10-06,0,0
1824-10-07,0,0
1824-10-08,0,0
1824-10-09,0,0
1824-10-10,0,0
1824-10-11,0,0
1824-10-12,0,0
1824-10-13,0,0
1824-10-14,0,0
1824-10-15,0,0
1824-10-16,0,0
1824-10-17,0,0
1824-10-18,0,0
1824-10-19,0,0
1824-10-20,0,0
1824-10-21,0,0
1824-10-22,0,0
1824-10-23,0,0
1824-10-24,0,0
1824-10-25,0,0
1824-10-26,0,0
1824-10-27,0,0
1824-10-28,0,0
1824-10-29,0,0
1824-10-30,0,0
1824-10-31,0,0
1824-11-01,0,0
1824-11-02,0,0
1824-11-03,0,0
1824-11-04,0,0
1824-11-05,0,0
1824-11-06,0,0
1824-11-07,0,0
1824-11-08,0,0
1824-11-09,0,0
1824-11-10,0,0
1824-11-11,0,0
1824-11-12,0,0
1824-11-13,0,0
1824-11-14,0,0
1824-11-15,0,0
1824-11-16,0,0
1824-11-17,0,0
1824-11-18,0,0
1824-11-19,0,0
1824-11-20,0,0
1824-11-21,0,0
1824-11-22,1408,1
1824-11-23,0,0
1824-11-24,0,0
1824-11-25,0,0
1824-11-26,0,0
1824-11-27,0,0
1824-11-28,0,0
1824-11-29,0,0
1824-11-30,0,0
1824-12-01,0,0
1824-12-02,0,0
1824-12-03,0,0
1824-12-04,0,0
1824-12-05,0,0
1824-12-06,0,0
1824-12-07,0,0
1824-12-08,533,1
1824-12-09,0,0
1824-12-10,0,0
1824-12-11,0,0
1824-12-12,0,0
1824-12-13,0,0
1824-12-14,0,0
1824-12-15,0,0
1824-12-16,0,0
1824-12-17,0,0
1824-12-18,0,0
1824-12-19,0,0
1824-12-20,0,0
1824-12-21,0,0
1824-12-22,0,0
1824-12-23,0,0
1824-12-24,0,0
1824-12-25,0,0
1824-12-26,0,0
1824-12-27,758,1
1824-12-28,0,0
1824-12-29,0,0
1824-12-30,0,0
1824-12-31,0,0
1825-01-01,419,1
1825-01-02,0,0
1825-01-03,0,0
1825-01-04,0,0
1825-01-05,1289,1
1825-01-06,0,0
1825-01-07,0,0
1825-01-08,0,0
1825-01-09,0,0
1825-01-10,0,0
1825-01-11,0,0
1825-01-12,0,0
1825-01-13,0,0
1825-01-14,0,0
1825-01-15,0,0
1825-01-16,0,0
1825-01-17,0,0
1825-01-18,0,0
1825-01-19,0,0
1825-01-20,0,0
1825-01-21,0,0
1825-01-22,0,0
1825-01-23,0,0
1825-01-24,0,0
1825-01-25,0,0
1825-01-26,0,0
1825-01-27,0,0
1825-01-28,0,0
1825-01-29,0,0
1825-01-30,0,0
1825-01-31,0,0
1825-02-01,0,0
1825-02-02,0,0
1825-02-03,0,0
1825-02-04,0,0
1825-02-05,0,0
1825-02-06,470,1
1825-02-07,0,0
1825-02-08,0,0
1825-02-09,0,0
1825-02-10,0,0
1825-02-11,0,0
1825-02-12,0,0
1825-02-13,0,0
1825-02-14,0,0
1825-02-15,0,0
1825-02-16,0,0
1825-02-17,0,0
1825-02-18,0,0
1825-02-19,0,0
1825-02-20,0,0
1825-02-21,0,0
1825-02-22,0,0
1825-02-23,0,0
1825-02-24,0,0
1825-02-25,0,0
1825-02-26,0,0
1825-02-27,0,0
1825-02-28,0,0
1825-03-01,0,0
1825-03-02,0,0
1825-03-03,0,0
1825-03-04,0,0
1825-03-05,0,0
1825-03-06,0,0
1825-03-07,0,0
1825-03-08,0,0
1825-03-09,0,0
1825-03-10,0,0
1825-03-11,0,0
1825-03-12,0,0
1825-03-13,0,0
1825-03-14,0,0
1825-03-15,0,0
1825-03-16,0,0
1825-03-17,0,0
1825-03-18,0,0
1825-03-19,0,0
1825-03-20,0,0
1825-03-21,0,0
1825-03-22,0,0
1825-03-23,0,0
1825-03-24,0,0
1825-03-25,0,0
1825-03-26,0,0
1825-03-27,0,0
1825-03-28,0,0
1825-03-29,0,0
1825-03-30,0,0
1825-03-31,0,0
1825-04-01,0,0
1825-04-02,0,0
1825-04-03,0,0
1825-04-04,0,0
1825-04-05,0,0
1825-04-06,0,0
1825-04-07,0,0
1825-04-08,0,0
1825-04-09,0,0
1825-04-10,0,0
1825-04-11,0,0
1825-04-12,0,0
1825-04-13,0,0
1825-04-14,0,0
1825-04-15,0,0
1825-04-16,0,0
1825-04-17,0,0
1825-04-18,0,0
1825-04-19,0,0
1825-04-20,0,0
1825-04-21,0,0
1825-04-22,0,0
1825-04-23,0,0
1825-04-24,0,0
1825-04-25,0,0
1825-04-26,0,0
1825-04-27,0,0
1825-04-28,0,0
1825-04-29,0,0
1825-04-30,0,0
1825-05-01,0,0
1825-05-02,0,0
1825-05-03,0,0
1825-05-04,0,0
1825-05-05,0,0
1825-05-06,0,0
1825-05-07,0,0
1825-05-08,0,0
1825-05-09,0,0
1825-05-10,0,0
1825-05-11,0,0
1825-05-12,0,0
1825-05-13,0,0
1825-05-14,0,0
1825-05-15,0,0
1825-05-16,0,0
1825-05-17,0,0
1825-05-18,0,0
1825-05-19,0,0
1825-05-20,0,0
1825-05-21,0,0
1825-05-22,0,0
1825-05-23,0,0
1825-05-24,0,0
1825-05-25,0,0
1825-05-26,0,0
1825-05-27,0,0
1825-05-28,0,0
1825-05-29,0,0
1825-05-30,0,0
1825-05-31,0,0
1825-06-01,0,0
1825-06-02,0,0
1825-06-03,0,0
1825-06-04,0,0
1825-06-05,0,0
1825-06-06,0,0
1825-06-07,0,0
1825-06-08,0,0
1825-06-09,0,0
1825-06-10,0,0
1825-06-11,0,0
1825-06-12,0,0
1825-06-13,0,0
1825-06-14,0,0
1825-06-15,0,0
1825-06-16,0,0
1825-06-17,0,0
1825-06-18,0,0
1825-06-19,0,0
1825-06-20,0,0
1825-06-21,0,0
1825-06-22,0,0
1825-06-23,0,0
1825-06-24,0,0
1825-06-25,0,0
1825-06-26,0,0
1825-06-27,0,0
1825-06-28,0,0
1825-06-29,0,0
1825-06-30,0,0
1825-07-01,0,0
1825-07-02,0,0
1825-07-03,0,0
1825-07-04,0,0
1825-07-05,0,0
1825-07-06,0,0
1825-07-07,0,0
1825-07-08,0,0
1825-07-09,0,0
1825-07-10,0,0
1825-07-11,0,0
1825-07-12,0,0
1825-07-13,0,0
1825-07-14,0,0
1825-07-15,0,0
1825-07-16,0,0
1825-07-17,0,0
1825-07-18,0,0
1825-07-19,0,0
1825-07-20,0,0
1825-07-21,0,0
1825-07-22,0,0
1825-07-23,0,0
1825-07-24,0,0
1825-07-25,0,0
1825-07-26,0,0
1825-07-27,0,0
1825-07-28,0,0
1825-07-29,0,0
1825-07-30,0,0
1825-07-31,0,0
1825-08-01,0,0
1825-08-02,0,0
1825-08-03,0,0
1825-08-04,0,0
1825-08-05,0,0
1825-08-06,0,0
1825-08-07,0,0
1825-08-08,0,0
1825-08-09,0,0
1825-08-10,0,0
1825-08-11,0,0
1825-08-12,0,0
1825-08-13,0,0
1825-08-14,0,0
1825-08-15,0,0
1825-08-16,0,0
1825-08-17,0,0
1825-08-18,0,0
1825-08-19,0,0
1825-08-20,0,0
1825-08-21,0,0
1825-08-22,0,0
1825-08-23,0,0
1825-08-24,0,0
1825-08-25,0,0
1825-08-26,0,0
1825-08-27,0,0
1825-08-28,0,0
1825-08-29,0,0
1825-08-30,0,0
1825-08-31,0,0
1825-09-01,0,0
1825-09-02,0,0
1825-09-03,0,0
1825-09-04,0,0
1825-09-05,0,0
1825-09-06,0,0
1825-09-07,0,0
1825-09-08,0,0
1825-09-09,0,0
1825-09-10,0,0
1825-09-11,0,0
1825-09-12,0,0
1825-09-13,0,0
1825-09-14,0,0
1825-09-15,0,0
1825-09-16,0,0
1825-09-17,0,0
1825-09-18,0,0
1825-09-19,0,0
1825-09-20,0,0
1825-09-21,0,0
1825-09-22,0,0
1825-09-23,0,0
1825-09-24,0,0
1825-09-25,0,0
1825-09-26,0,0
1825-09-27,0,0
1825-09-28,0,0
1825-09-29,0,0
1825-09-30,0,0
1825-10-01,0,0
1825-10-02,0,0
1825-10-03,0,0
1825-10-04,0,0
1825-10-05,0,0
1825-10-06,0,0
1825-10-07,0,0
1825-10-08,0,0
1825-10-09,0,0
1825-10-10,0,0
1825-10-11,0,0
1825-10-12,0,0
1825-10-13,0,0
1825-10-14,0,0
1825-10-15,0,0
1825-10-16,0,0
1825-10-17,0,0
1825-10-18,0,0
1825-10-19,0,0
1825-10-20,0,0
1825-10-21,0,0
1825-10-22,0,0
1825-10-23,0,0
1825-10-24,0,0
1825-10-25,0,0
1825-10-26,0,0
1825-10-27,0,0
1825-10-28,0,0
1825-10-29,0,0
1825-10-30,0,0
1825-10-31,0,0
1825-11-01,0,0
1825-11-02,0,0
1825-11-03,0,0
1825-11-04,0,0
1825-11-05,0,0
1825-11-06,0,0
1825-11-07,0,0
1825-11-08,0,0
1825-11-09,0,0
1825-11-10,0,0
1825-11-11,0,0
1825-11-12,0,0
1825-11-13,0,0
1825-11-14,0,0
1825-11-15,0,0
1825-11-16,0,0
1825-11-17,0,0
1825-11-18,0,0
1825-11-19,0,0
1825-11-20,0,0
1825-11-21,581,1
1825-11-22,0,0
1825-11-23,855,1
1825-11-24,0,0
1825-11-25,0,0
1825-11-26,0,0
1825-11-27,0,0
1825-11-28,0,0
1825-11-29,0,0
1825-11-30,0,0
1825-12-01,0,0
1825-12-02,0,0
1825-12-03,0,0
1825-12-04,0,0
1825-12-05,0,0
1825-12-06,549,1
1825-12-07,0,0
1825-12-08,0,0
1825-12-09,0,0
1825-12-10,0,0
1825-12-11,0,0
1825-12-12,0,0
1825-12-13,0,0
1825-12-14,0,0
1825-12-15,0,0
1825-12-16,0,0
1825-12-17,0,0
1825-12-18,0,0
1825-12-19,0,0
1825-12-20,571,1
1825-12-21,0,0
1825-12-22,0,0
1825-12-23,0,0
1825-12-24,0,0
1825-12-25,0,0
1825-12-26,0,0
1825-12-27,0,0
1825-12-28,0,0
1825-12-29,771,1
1825-12-30,0,0
1825-12-31,0,0
1826-01-01,0,0
1826-01-02,0,0
1826-01-03,0,0
1826-01-04,755,1
1826-01-05,0,0
1826-01-06,0,0
1826-01-07,358,1
1826-01-08,0,0
1826-01-09,0,0
1826-01-10,0,0
1826-01-11,0,0
1826-01-12,368,1
1826-01-13,0,0
1826-01-14,0,0
1826-01-15,0,0
1826-01-16,205,1
1826-01-17,0,0
1826-01-18,0,0
1826-01-19,349,1
1826-01-20,0,0
1826-01-21,0,0
1826-01-22,0,0
1826-01-23,700,1
1826-01-24,0,0
1826-01-25,689,1
1826-01-26,0,0
1826-01-27,0,0
1826-01-28,0,0
1826-01-29,0,0
1826-01-30,519,1
1826-01-31,0,0
1826-02-01,321,1
1826-02-02,0,0
1826-02-03,279,1
1826-02-04,277,1
1826-02-05,0,0
1826-02-06,662,1
1826-02-07,1103,1
1826-02-08,0,0
1826-02-09,304,1
1826-02-10,578,1
1826-02-11,0,0
1826-02-12,0,0
1826-02-13,0,0
1826-02-14,0,0
1826-02-15,0,0
1826-02-16,0,0
1826-02-17,0,0
1826-02-18,0,0
1826-02-19,0,0
1826-02-20,0,0
1826-02-21,0,0
1826-02-22,0,0
1826-02-23,0,0
1826-02-24,0,0
1826-02-25,0,0
1826-02-26,0,0
1826-02-27,0,0
1826-02-28,0,0
1826-03-01,0,0
1826-03-02,0,0
1826-03-03,0,0
1826-03-04,554,1
1826-03-05,0,0
1826-03-06,0,0
1826-03-07,0,0
1826-03-08,0,0
1826-03-09,0,0
1826-03-10,0,0
1826-03-11,0,0
1826-03-12,0,0
1826-03-13,0,0
1826-03-14,0,0
1826-03-15,0,0
1826-03-16,0,0
1826-03-17,0,0
1826-03-18,0,0
1826-03-19,0,0
1826-03-20,469,1
1826-03-21,0,0
1826-03-22,0,0
1826-03-23,0,0
1826-03-24,0,0
1826-03-25,708,1
1826-03-26,615,1
1826-03-27,596,1
1826-03-28,0,0
1826-03-29,597,1
1826-03-30,514,1
1826-03-31,457,1
1826-04-01,0,0
1826-04-02,0,0
1826-04-03,0,0
1826-04-04,0,0
1826-04-05,0,0
1826-04-06,0,0
1826-04-07,0,0
1826-04-08,0,0
1826-04-09,443,1
1826-04-10,598,1
1826-04-11,737,1
1826-04-12,695,1
1826-04-13,846,1
1826-04-14,906,1
1826-04-15,0,0
1826-04-16,0,0
1826-04-17,0,0
1826-04-18,0,0
1826-04-19,0,0
1826-04-20,0,0
1826-04-21,0,0
1826-04-22,0,0
1826-04-23,0,0
1826-04-24,0,0
1826-04-25,0,0
1826-04-26,0,0
1826-04-27,0,0
1826-04-28,0,0
1826-04-29,0,0
1826-04-30,0,0
1826-05-01,0,0
1826-05-02,0,0
1826-05-03,0,0
1826-05-04,0,0
1826-05-05,0,0
1826-05-06,0,0
1826-05-07,0,0
1826-05-08,0,0
1826-05-09,0,0
1826-05-10,0,0
1826-05-11,0,0
1826-05-12,0,0
1826-05-13,0,0
1826-05-14,0,0
1826-05-15,0,0
1826-05-16,0,0
1826-05-17,0,0
1826-05-18,0,0
1826-05-19,0,0
1826-05-20,0,0
1826-05-21,0,0
1826-05-22,0,0
1826-05-23,0,0
1826-05-24,0,0
1826-05-25,0,0
1826-05-26,0,0
1826-05-27,0,0
1826-05-28,0,0
1826-05-29,0,0
1826-05-30,0,0
1826-05-31,0,0
1826-06-01,818,1
1826-06-02,0,0
1826-06-03,0,0
1826-06-04,0,0
1826-06-05,0,0
1826-06-06,0,0
1826-06-07,0,0
1826-06-08,0,0
1826-06-09,0,0
1826-06-10,0,0
1826-06-11,681,1
1826-06-12,0,0
1826-06-13,0,0
1826-06-14,0,0
1826-06-15,0,0
1826-06-16,0,0
1826-06-17,0,0
1826-06-18,0,0
1826-06-19,0,0
1826-06-20,0,0
1826-06-21,0,0
1826-06-22,0,0
1826-06-23,0,0
1826-06-24,0,0
1826-06-25,0,0
1826-06-26,0,0
1826-06-27,0,0
1826-06-28,0,0
1826-06-29,0,0
1826-06-30,0,0
1826-07-01,0,0
1826-07-02,0,0
1826-07-03,0,0
1826-07-04,0,0
1826-07-05,0,0
1826-07-06,0,0
1826-07-07,0,0
1826-07-08,0,0
1826-07-09,0,0
1826-07-10,0,0
1826-07-11,0,0
1826-07-12,0,0
1826-07-13,0,0
1826-07-14,0,0
1826-07-15,0,0
1826-07-16,0,0
1826-07-17,0,0
1826-07-18,0,0
1826-07-19,0,0
1826-07-20,808,1
1826-07-21,0,0
1826-07-22,0,0
1826-07-23,0,0
1826-07-24,0,0
1826-07-25,0,0
1826-07-26,0,0
1826-07-27,0,0
1826-07-28,0,0
1826-07-29,0,0
1826-07-30,0,0
1826-07-31,0,0
1826-08-01,0,0
1826-08-02,0,0
1826-08-03,0,0
1826-08-04,0,0
1826-08-05,0,0
1826-08-06,808,1
1826-08-07,0,0
1826-08-08,0,0
1826-08-09,0,0
1826-08-10,0,0
1826-08-11,0,0
1826-08-12,0,0
1826-08-13,0,0
1826-08-14,0,0
1826-08-15,0,0
1826-08-16,0,0
1826-08-17,0,0
1826-08-18,0,0
1826-08-19,0,0
1826-08-20,0,0
1826-08-21,0,0
1826-08-22,0,0
1826-08-23,0,0
1826-08-24,0,0
1826-08-25,0,0
1826-08-26,0,0
1826-08-27,0,0
1826-08-28,0,0
1826-08-29,0,0
1826-08-30,0,0
1826-08-31,0,0
1826-09-01,0,0
1826-09-02,0,0
1826-09-03,0,0
1826-09-04,0,0
1826-09-05,0,0
1826-09-06,0,0
1826-09-07,0,0
1826-09-08,0,0
1826-09-09,0,0
1826-09-10,0,0
1826-09-11,0,0
1826-09-12,523,1
1826-09-13,0,0
1826-09-14,0,0
1826-09-15,0,0
1826-09-16,0,0
1826-09-17,0,0
1826-09-18,0,0
1826-09-19,0,0
1826-09-20,0,0
1826-09-21,545,1
1826-09-22,341,1
1826-09-23,0,0
1826-09-24,0,0
1826-09-25,376,1
1826-09-26,0,0
1826-09-27,0,0
1826-09-28,0,0
1826-09-29,0,0
1826-09-30,0,0
1826-10-01,0,0
1826-10-02,0,0
1826-10-03,0,0
1826-10-04,0,0
1826-10-05,0,0
1826-10-06,0,0
1826-10-07,0,0
1826-10-08,0,0
1826-10-09,0,0
1826-10-10,0,0
1826-10-11,551,1
1826-10-12,0,0
1826-10-13,0,0
1826-10-14,0,0
1826-10-15,0,0
1826-10-16,0,0
1826-10-17,0,0
1826-10-18,0,0
1826-10-19,0,0
1826-10-20,0,0
1826-10-21,0,0
1826-10-22,0,0
1826-10-23,0,0
1826-10-24,0,0
1826-10-25,0,0
1826-10-26,0,0
1826-10-27,0,0
1826-10-28,587,1
1826-10-29,0,0
1826-10-30,0,0
1826-10-31,0,0
1826-11-01,0,0
1826-11-02,0,0
1826-11-03,0,0
1826-11-04,0,0
1826-11-05,0,0
1826-11-06,0,0
1826-11-07,0,0
1826-11-08,0,0
1826-11-09,0,0
1826-11-10,0,0
1826-11-11,0,0
1826-11-12,0,0
1826-11-13,0,0
1826-11-14,0,0
1826-11-15,0,0
1826-11-16,0,0
1826-11-17,0,0
1826-11-18,0,0
1826-11-19,0,0
1826-11-20,0,0
1826-11-21,0,0
1826-11-22,0,0
1826-11-23,0,0
1826-11-24,0,0
1826-11-25,0,0
1826-11-26,0,0
1826-11-27,0,0
1826-11-28,0,0
1826-11-29,0,0
1826-11-30,0,0
1826-12-01,0,0
1826-12-02,0,0
1826-12-03,0,0
1826-12-04,0,0
1826-12-05,0,0
1826-12-06,0,0
1826-12-07,0,0
1826-12-08,0,0
1826-12-09,0,0
1826-12-10,0,0
1826-12-11,0,0
1826-12-12,0,0
1826-12-13,0,0
1826-12-14,0,0
1826-12-15,0,0
1826-12-16,0,0
1826-12-17,0,0
1826-12-18,0,0
1826-12-19,0,0
1826-12-20,0,0
1826-12-21,0,0
1826-12-22,0,0
1826-12-23,0,0
1826-12-24,0,0
1826-12-25,0,0
1826-12-26,0,0
1826-12-27,0,0
1826-12-28,0,0
1826-12-29,0,0
1826-12-30,0,0
1826-12-31,0,0
1827-01-01,0,0
1827-01-02,0,0
1827-01-03,0,0
1827-01-04,0,0
1827-01-05,0,0
1827-01-06,0,0
1827-01-07,0,0
1827-01-08,0,0
1827-01-09,0,0
1827-01-10,0,0
1827-01-11,0,0
1827-01-12,0,0
1827-01-13,0,0
1827-01-14,0,0
1827-01-15,0,0
1827-01-16,0,0
1827-01-17,0,0
1827-01-18,0,0
1827-01-19,0,0
1827-01-20,0,0
1827-01-21,0,0
1827-01-22,0,0
1827-01-23,0,0
1827-01-24,0,0
1827-01-25,0,0
1827-01-26,0,0
1827-01-27,0,0
1827-01-28,0,0
1827-01-29,0,0
1827-01-30,0,0
1827-01-31,0,0
1827-02-01,0,0
1827-02-02,0,0
1827-02-03,0,0
1827-02-04,0,0
1827-02-05,0,0
1827-02-06,0,0
1827-02-07,0,0
1827-02-08,0,0
1827-02-09,0,0
1827-02-10,0,0
1827-02-11,0,0
1827-02-12,0,0
1827-02-13,0,0
1827-02-14,0,0
1827-02-15,0,0
1827-02-16,0,0
1827-02-17,0,0
1827-02-18,0,0
1827-02-19,0,0
1827-02-20,0,0
1827-02-21,0,0
1827-02-22,0,0
1827-02-23,0,0
1827-02-24,0,0
1827-02-25,0,0
1827-02-26,0,0
1827-02-27,0,0
1827-02-28,0,0
1827-03-01,0,0
1827-03-02,0,0
1827-03-03,0,0
1827-03-04,0,0
1827-03-05,0,0
1827-03-06,0,0
1827-03-07,0,0
1827-03-08,0,0
1827-03-09,0,0
1827-03-10,0,0
1827-03-11,0,0
1827-03-12,0,0
1827-03-13,0,0
1827-03-14,0,0
1827-03-15,0,0
1827-03-16,0,0
1827-03-17,0,0
1827-03-18,0,0
1827-03-19,0,0
1827-03-20,0,0
1827-03-21,0,0
1827-03-22,0,0
1827-03-23,0,0
1827-03-24,0,0
1827-03-25,0,0
1827-03-26,0,0
1827-03-27,0,0
1827-03-28,0,0
1827-03-29,0,0
1827-03-30,0,0
1827-03-31,0,0
1827-04-01,0,0
1827-04-02,0,0
1827-04-03,0,0
1827-04-04,0,0
1827-04-05,0,0
1827-04-06,0,0
1827-04-07,0,0
1827-04-08,0,0
1827-04-09,0,0
1827-04-10,0,0
1827-04-11,0,0
1827-04-12,0,0
1827-04-13,0,0
1827-04-14,0,0
1827-04-15,0,0
1827-04-16,0,0
1827-04-17,0,0
1827-04-18,0,0
1827-04-19,0,0
1827-04-20,0,0
1827-04-21,0,0
1827-04-22,0,0
1827-04-23,0,0
1827-04-24,0,0
1827-04-25,0,0
1827-04-26,0,0
1827-04-27,0,0
1827-04-28,0,0
1827-04-29,0,0
1827-04-30,0,0
1827-05-01,0,0
1827-05-02,0,0
1827-05-03,0,0
1827-05-04,0,0
1827-05-05,0,0
1827-05-06,0,0
1827-05-07,0,0
1827-05-08,0,0
1827-05-09,0,0
1827-05-10,0,0
1827-05-11,0,0
1827-05-12,0,0
1827-05-13,0,0
1827-05-14,0,0
1827-05-15,0,0
1827-05-16,0,0
1827-05-17,0,0
1827-05-18,0,0
1827-05-19,0,0
1827-05-20,0,0
1827-05-21,0,0
1827-05-22,0,0
1827-05-23,0,0
1827-05-24,0,0
1827-05-25,0,0
1827-05-26,0,0
1827-05-27,0,0
1827-05-28,0,0
1827-05-29,0,0
1827-05-30,0,0
1827-05-31,0,0
1827-06-01,0,0
1827-06-02,0,0
1827-06-03,0,0
1827-06-04,0,0
1827-06-05,0,0
1827-06-06,0,0
1827-06-07,0,0
1827-06-08,0,0
1827-06-09,0,0
1827-06-10,0,0
1827-06-11,0,0
1827-06-12,0,0
1827-06-13,0,0
1827-06-14,0,0
1827-06-15,0,0
1827-06-16,0,0
1827-06-17,0,0
1827-06-18,0,0
1827-06-19,0,0
1827-06-20,0,0
1827-06-21,0,0
1827-06-22,0,0
1827-06-23,0,0
1827-06-24,0,0
1827-06-25,0,0
1827-06-26,0,0
1827-06-27,539,1
1827-06-28,0,0
1827-06-29,0,0
1827-06-30,0,0
1827-07-01,0,0
1827-07-02,0,0
1827-07-03,0,0
1827-07-04,0,0
1827-07-05,0,0
1827-07-06,0,0
1827-07-07,0,0
1827-07-08,0,0
1827-07-09,0,0
1827-07-10,0,0
1827-07-11,0,0
1827-07-12,0,0
1827-07-13,0,0
1827-07-14,0,0
1827-07-15,0,0
1827-07-16,521,1
1827-07-17,893,1
1827-07-18,0,0
1827-07-19,1816,1
1827-07-20,0,0
1827-07-21,329,1
1827-07-22,0,0
1827-07-23,500,1
1827-07-24,0,0
1827-07-25,0,0
1827-07-26,0,0
1827-07-27,0,0
1827-07-28,0,0
1827-07-29,0,0
1827-07-30,218,1
1827-07-31,0,0
1827-08-01,0,0
1827-08-02,0,0
1827-08-03,0,0
1827-08-04,0,0
1827-08-05,0,0
1827-08-06,0,0
1827-08-07,0,0
1827-08-08,0,0
1827-08-09,0,0
1827-08-10,0,0
1827-08-11,0,0
1827-08-12,0,0
1827-08-13,0,0
1827-08-14,0,0
1827-08-15,0,0
1827-08-16,0,0
1827-08-17,586,1
1827-08-18,0,0
1827-08-19,0,0
1827-08-20,457,1
1827-08-21,0,0
1827-08-22,215,1
1827-08-23,0,0
1827-08-24,0,0
1827-08-25,0,0
1827-08-26,0,0
1827-08-27,0,0
1827-08-28,0,0
1827-08-29,0,0
1827-08-30,0,0
1827-08-31,1106,1
1827-09-01,0,0
1827-09-02,0,0
1827-09-03,0,0
1827-09-04,0,0
1827-09-05,0,0
1827-09-06,0,0
1827-09-07,0,0
1827-09-08,0,0
1827-09-09,738,1
1827-09-10,0,0
1827-09-11,0,0
1827-09-12,0,0
1827-09-13,0,0
1827-09-14,0,0
1827-09-15,0,0
1827-09-16,0,0
1827-09-17,0,0
1827-09-18,0,0
1827-09-19,0,0
1827-09-20,0,0
1827-09-21,0,0
1827-09-22,0,0
1827-09-23,0,0
1827-09-24,0,0
1827-09-25,0,0
1827-09-26,0,0
1827-09-27,0,0
1827-09-28,0,0
1827-09-29,0,0
1827-09-30,0,0
1827-10-01,0,0
1827-10-02,0,0
1827-10-03,0,0
1827-10-04,0,0
1827-10-05,0,0
1827-10-06,0,0
1827-10-07,0,0
1827-10-08,0,0
1827-10-09,0,0
1827-10-10,0,0
1827-10-11,0,0
1827-10-12,0,0
1827-10-13,0,0
1827-10-14,0,0
1827-10-15,0,0
1827-10-16,0,0
1827-10-17,0,0
1827-10-18,0,0
1827-10-19,0,0
1827-10-20,0,0
1827-10-21,0,0
1827-10-22,0,0
1827-10-23,0,0
1827-10-24,0,0
1827-10-25,0,0
1827-10-26,0,0
1827-10-27,0,0
1827-10-28,0,0
1827-10-29,0,0
1827-10-30,0,0
1827-10-31,0,0
1827-11-01,0,0
1827-11-02,0,0
1827-11-03,0,0
1827-11-04,0,0
1827-11-05,0,0
1827-11-06,0,0
1827-11-07,0,0
1827-11-08,0,0
1827-11-09,0,0
1827-11-10,0,0
1827-11-11,0,0
1827-11-12,0,0
1827-11-13,0,0
1827-11-14,0,0
1827-11-15,0,0
1827-11-16,0,0
1827-11-17,0,0
1827-11-18,0,0
1827-11-19,0,0
1827-11-20,0,0
1827-11-21,0,0
1827-11-22,0,0
1827-11-23,0,0
1827-11-24,0,0
1827-11-25,0,0
1827-11-26,0,0
1827-11-27,0,0
1827-11-28,0,0
1827-11-29,0,0
1827-11-30,0,0
1827-12-01,0,0
1827-12-02,0,0
1827-12-03,0,0
1827-12-04,0,0
1827-12-05,0,0
1827-12-06,0,0
1827-12-07,0,0
1827-12-08,0,0
1827-12-09,0,0
1827-12-10,0,0
1827-12-11,0,0
1827-12-12,0,0
1827-12-13,0,0
1827-12-14,0,0
1827-12-15,0,0
1827-12-16,0,0
1827-12-17,0,0
1827-12-18,0,0
1827-12-19,0,0
1827-12-20,0,0
1827-12-21,0,0
1827-12-22,0,0
1827-12-23,0,0
1827-12-24,0,0
1827-12-25,0,0
1827-12-26,0,0
1827-12-27,0,0
1827-12-28,0,0
1827-12-29,0,0
1827-12-30,0,0
1827-12-31,0,0
1828-01-01,0,0
1828-01-02,0,0
1828-01-03,0,0
1828-01-04,0,0
1828-01-05,0,0
1828-01-06,0,0
1828-01-07,0,0
1828-01-08,0,0
1828-01-09,0,0
1828-01-10,0,0
1828-01-11,0,0
1828-01-12,0,0
1828-01-13,0,0
1828-01-14,0,0
1828-01-15,0,0
1828-01-16,0,0
1828-01-17,0,0
1828-01-18,0,0
1828-01-19,0,0
1828-01-20,0,0
1828-01-21,0,0
1828-01-22,0,0
1828-01-23,0,0
1828-01-24,0,0
1828-01-25,0,0
1828-01-26,0,0
1828-01-27,0,0
1828-01-28,0,0
1828-01-29,0,0
1828-01-30,0,0
1828-01-31,0,0
1828-02-01,0,0
1828-02-02,0,0
1828-02-03,0,0
1828-02-04,0,0
1828-02-05,0,0
1828-02-06,0,0
1828-02-07,0,0
1828-02-08,0,0
1828-02-09,0,0
1828-02-10,0,0
1828-02-11,0,0
1828-02-12,0,0
1828-02-13,0,0
1828-02-14,0,0
1828-02-15,0,0
1828-02-16,0,0
1828-02-17,0,0
1828-02-18,0,0
1828-02-19,0,0
1828-02-20,0,0
1828-02-21,0,0
1828-02-22,0,0
1828-02-23,0,0
1828-02-24,0,0
1828-02-25,0,0
1828-02-26,0,0
1828-02-27,0,0
1828-02-28,0,0
1828-02-29,0,0
1828-03-01,0,0
1828-03-02,0,0
1828-03-03,0,0
1828-03-04,0,0
1828-03-05,0,0
1828-03-06,0,0
1828-03-07,0,0
1828-03-08,0,0
1828-03-09,0,0
1828-03-10,0,0
1828-03-11,0,0
1828-03-12,0,0
1828-03-13,0,0
1828-03-14,0,0
1828-03-15,0,0
1828-03-16,0,0
1828-03-17,0,0
1828-03-18,0,0
1828-03-19,0,0
1828-03-20,0,0
1828-03-21,0,0
1828-03-22,0,0
1828-03-23,0,0
1828-03-24,0,0
1828-03-25,0,0
1828-03-26,0,0
1828-03-27,0,0
1828-03-28,0,0
1828-03-29,0,0
1828-03-30,0,0
1828-03-31,0,0
1828-04-01,0,0
1828-04-02,0,0
1828-04-03,0,0
1828-04-04,0,0
1828-04-05,0,0
1828-04-06,0,0
1828-04-07,0,0
1828-04-08,0,0
1828-04-09,0,0
1828-04-10,0,0
1828-04-11,0,0
1828-04-12,0,0
1828-04-13,0,0
1828-04-14,0,0
1828-04-15,0,0
1828-04-16,0,0
1828-04-17,0,0
1828-04-18,0,0
1828-04-19,0,0
1828-04-20,0,0
1828-04-21,0,0
1828-04-22,0,0
1828-04-23,0,0
1828-04-24,0,0
1828-04-25,0,0
1828-04-26,0,0
1828-04-27,0,0
1828-04-28,0,0
1828-04-29,0,0
1828-04-30,0,0
1828-05-01,0,0
1828-05-02,0,0
1828-05-03,0,0
1828-05-04,0,0
1828-05-05,0,0
1828-05-06,0,0
1828-05-07,0,0
1828-05-08,0,0
1828-05-09,0,0
1828-05-10,0,0
1828-05-11,0,0
1828-05-12,0,0
1828-05-13,0,0
1828-05-14,0,0
1828-05-15,0,0
1828-05-16,0,0
1828-05-17,0,0
1828-05-18,0,0
1828-05-19,0,0
1828-05-20,0,0
1828-05-21,0,0
1828-05-22,0,0
1828-05-23,0,0
1828-05-24,0,0
1828-05-25,0,0
1828-05-26,0,0
1828-05-27,0,0
1828-05-28,0,0
1828-05-29,0,0
1828-05-30,0,0
1828-05-31,0,0
1828-06-01,0,0
1828-06-02,0,0
1828-06-03,0,0
1828-06-04,0,0
1828-06-05,0,0
1828-06-06,0,0
1828-06-07,0,0
1828-06-08,0,0
1828-06-09,0,0
1828-06-10,0,0
1828-06-11,0,0
1828-06-12,0,0
1828-06-13,0,0
1828-06-14,0,0
1828-06-15,0,0
1828-06-16,0,0
1828-06-17,0,0
1828-06-18,0,0
1828-06-19,0,0
1828-06-20,0,0
1828-06-21,0,0
1828-06-22,0,0
1828-06-23,0,0
1828-06-24,0,0
1828-06-25,0,0
1828-06-26,0,0
1828-06-27,0,0
1828-06-28,0,0
1828-06-29,0,0
1828-06-30,0,0
1828-07-01,0,0
1828-07-02,0,0
1828-07-03,0,0
1828-07-04,0,0
1828-07-05,0,0
1828-07-06,0,0
1828-07-07,0,0
1828-07-08,0,0
1828-07-09,0,0
1828-07-10,0,0
1828-07-11,0,0
1828-07-12,0,0
1828-07-13,0,0
1828-07-14,0,0
1828-07-15,0,0
1828-07-16,0,0
1828-07-17,0,0
1828-07-18,0,0
1828-07-19,0,0
1828-07-20,0,0
1828-07-21,0,0
1828-07-22,0,0
1828-07-23,0,0
1828-07-24,0,0
1828-07-25,0,0
1828-07-26,0,0
1828-07-27,0,0
1828-07-28,0,0
1828-07-29,0,0
1828-07-30,0,0
1828-07-31,0,0
1828-08-01,0,0
1828-08-02,0,0
1828-08-03,0,0
1828-08-04,0,0
1828-08-05,0,0
1828-08-06,0,0
1828-08-07,0,0
1828-08-08,0,0
1828-08-09,0,0
1828-08-10,0,0
1828-08-11,0,0
1828-08-12,0,0
1828-08-13,0,0
1828-08-14,0,0
1828-08-15,0,0
1828-08-16,0,0
1828-08-17,0,0
1828-08-18,0,0
1828-08-19,0,0
1828-08-20,0,0
1828-08-21,0,0
1828-08-22,0,0
1828-08-23,0,0
1828-08-24,0,0
1828-08-25,0,0
1828-08-26,0,0
1828-08-27,0,0
1828-08-28,0,0
1828-08-29,0,0
1828-08-30,0,0
1828-08-31,0,0
1828-09-01,0,0
1828-09-02,0,0
1828-09-03,0,0
1828-09-04,0,0
1828-09-05,0,0
1828-09-06,0,0
1828-09-07,0,0
1828-09-08,0,0
1828-09-09,0,0
1828-09-10,0,0
1828-09-11,0,0
1828-09-12,0,0
1828-09-13,0,0
1828-09-14,0,0
1828-09-15,0,0
1828-09-16,0,0
1828-09-17,0,0
1828-09-18,0,0
1828-09-19,0,0
1828-09-20,0,0
1828-09-21,0,0
1828-09-22,0,0
1828-09-23,0,0
1828-09-24,0,0
1828-09-25,0,0
1828-09-26,0,0
1828-09-27,0,0
1828-09-28,0,0
1828-09-29,0,0
1828-09-30,0,0
1828-10-01,0,0
1828-10-02,0,0
1828-10-03,0,0
1828-10-04,0,0
1828-10-05,0,0
1828-10-06,0,0
1828-10-07,0,0
1828-10-08,0,0
1828-10-09,0,0
1828-10-10,0,0
1828-10-11,0,0
1828-10-12,0,0
1828-10-13,0,0
1828-10-14,0,0
1828-10-15,0,0
1828-10-16,0,0
1828-10-17,0,0
1828-10-18,0,0
1828-10-19,0,0
1828-10-20,0,0
1828-10-21,0,0
1828-10-22,711,1
1828-10-23,0,0
1828-10-24,0,0
1828-10-25,0,0
1828-10-26,0,0
1828-10-27,0,0
1828-10-28,0,0
1828-10-29,0,0
1828-10-30,0,0
1828-10-31,0,0
1828-11-01,0,0
1828-11-02,0,0
1828-11-03,0,0
1828-11-04,993,1
1828-11-05,0,0
1828-11-06,0,0
1828-11-07,0,0
1828-11-08,0,0
1828-11-09,0,0
1828-11-10,0,0
1828-11-11,0,0
1828-11-12,0,0
1828-11-13,0,0
1828-11-14,0,0
1828-11-15,0,0
1828-11-16,650,1
1828-11-17,724,1
1828-11-18,0,0
1828-11-19,0,0
1828-11-20,0,0
1828-11-21,1116,1
1828-11-22,959,1
1828-11-23,0,0
1828-11-24,0,0
1828-11-25,0,0
1828-11-26,0,0
1828-11-27,0,0
1828-11-28,0,0
1828-11-29,0,0
1828-11-30,0,0
1828-12-01,0,0
1828-12-02,0,0
1828-12-03,0,0
1828-12-04,0,0
1828-12-05,0,0
1828-12-06,0,0
1828-12-07,0,0
1828-12-08,0,0
1828-12-09,0,0
1828-12-10,0,0
1828-12-11,0,0
1828-12-12,0,0
1828-12-13,0,0
1828-12-14,0,0
1828-12-15,0,0
1828-12-16,0,0
1828-12-17,0,0
1828-12-18,0,0
1828-12-19,0,0
1828-12-20,0,0
1828-12-21,0,0
1828-12-22,0,0
1828-12-23,0,0
1828-12-24,0,0
1828-12-25,0,0
1828-12-26,0,0
1828-12-27,0,0
1828-12-28,0,0
1828-12-29,0,0
1828-12-30,0,0
1828-12-31,0,0
1829-01-01,0,0
1829-01-02,0,0
1829-01-03,0,0
1829-01-04,0,0
1829-01-05,0,0
1829-01-06,0,0
1829-01-07,692,1
1829-01-08,0,0
1829-01-09,0,0
1829-01-10,0,0
1829-01-11,0,0
1829-01-12,0,0
1829-01-13,0,0
1829-01-14,0,0
1829-01-15,0,0
1829-01-16,0,0
1829-01-17,0,0
1829-01-18,0,0
1829-01-19,440,1
1829-01-20,0,0
1829-01-21,0,0
1829-01-22,0,0
1829-01-23,0,0
1829-01-24,0,0
1829-01-25,0,0
1829-01-26,0,0
1829-01-27,0,0
1829-01-28,0,0
1829-01-29,0,0
1829-01-30,0,0
1829-01-31,0,0
1829-02-01,0,0
1829-02-02,0,0
1829-02-03,0,0
1829-02-04,0,0
1829-02-05,0,0
1829-02-06,0,0
1829-02-07,642,1
1829-02-08,479,1
1829-02-09,0,0
1829-02-10,0,0
1829-02-11,0,0
1829-02-12,0,0
1829-02-13,0,0
1829-02-14,0,0
1829-02-15,0,0
1829-02-16,0,0
1829-02-17,0,0
1829-02-18,0,0
1829-02-19,0,0
1829-02-20,0,0
1829-02-21,0,0
1829-02-22,0,0
1829-02-23,0,0
1829-02-24,0,0
1829-02-25,0,0
1829-02-26,0,0
1829-02-27,0,0
1829-02-28,0,0
1829-03-01,0,0
1829-03-02,0,0
1829-03-03,0,0
1829-03-04,0,0
1829-03-05,0,0
1829-03-06,0,0
1829-03-07,0,0
1829-03-08,0,0
1829-03-09,0,0
1829-03-10,0,0
1829-03-11,0,0
1829-03-12,0,0
1829-03-13,0,0
1829-03-14,0,0
1829-03-15,0,0
1829-03-16,887,1
1829-03-17,0,0
1829-03-18,0,0
1829-03-19,0,0
1829-03-20,0,0
1829-03-21,0,0
1829-03-22,0,0
1829-03-23,0,0
1829-03-24,0,0
1829-03-25,0,0
1829-03-26,0,0
1829-03-27,0,0
1829-03-28,0,0
1829-03-29,0,0
1829-03-30,0,0
1829-03-31,0,0
1829-04-01,0,0
1829-04-02,0,0
1829-04-03,0,0
1829-04-04,0,0
1829-04-05,0,0
1829-04-06,720,1
1829-04-07,0,0
1829-04-08,0,0
1829-04-09,0,0
1829-04-10,0,0
1829-04-11,0,0
1829-04-12,1108,1
1829-04-13,0,0
1829-04-14,0,0
1829-04-15,0,0
1829-04-16,0,0
1829-04-17,0,0
1829-04-18,0,0
1829-04-19,0,0
1829-04-20,0,0
1829-04-21,0,0
1829-04-22,0,0
1829-04-23,0,0
1829-04-24,0,0
1829-04-25,0,0
1829-04-26,0,0
1829-04-27,0,0
1829-04-28,0,0
1829-04-29,0,0
1829-04-30,0,0
1829-05-01,0,0
1829-05-02,0,0
1829-05-03,0,0
1829-05-04,498,1
1829-05-05,0,0
1829-05-06,710,1
1829-05-07,0,0
1829-05-08,0,0
1829-05-09,0,0
1829-05-10,0,0
1829-05-11,0,0
1829-05-12,0,0
1829-05-13,0,0
1829-05-14,0,0
1829-05-15,0,0
1829-05-16,0,0
1829-05-17,412,1
1829-05-18,0,0
1829-05-19,0,0
1829-05-20,0,0
1829-05-21,0,0
1829-05-22,0,0
1829-05-23,0,0
1829-05-24,0,0
1829-05-25,0,0
1829-05-26,0,0
1829-05-27,0,0
1829-05-28,0,0
1829-05-29,0,0
1829-05-30,0,0
1829-05-31,0,0
1829-06-01,0,0
1829-06-02,0,0
1829-06-03,0,0
1829-06-04,0,0
1829-06-05,0,0
1829-06-06,0,0
1829-06-07,0,0
1829-06-08,0,0
1829-06-09,0,0
1829-06-10,0,0
1829-06-11,0,0
1829-06-12,0,0
1829-06-13,0,0
1829-06-14,0,0
1829-06-15,0,0
1829-06-16,0,0
1829-06-17,0,0
1829-06-18,0,0
1829-06-19,0,0
1829-06-20,0,0
1829-06-21,0,0
1829-06-22,0,0
1829-06-23,0,0
1829-06-24,0,0
1829-06-25,0,0
1829-06-26,0,0
1829-06-27,0,0
1829-06-28,0,0
1829-06-29,0,0
1829-06-30,0,0
1829-07-01,0,0
1829-07-02,0,0
1829-07-03,0,0
1829-07-04,0,0
1829-07-05,0,0
1829-07-06,0,0
1829-07-07,0,0
1829-07-08,0,0
1829-07-09,0,0
1829-07-10,0,0
1829-07-11,0,0
1829-07-12,0,0
1829-07-13,0,0
1829-07-14,0,0
1829-07-15,0,0
1829-07-16,0,0
1829-07-17,0,0
1829-07-18,0,0
1829-07-19,0,0
1829-07-20,0,0
1829-07-21,0,0
1829-07-22,0,0
1829-07-23,0,0
1829-07-24,0,0
1829-07-25,1644,1
